model_type,status,n_pathways,nie_significant_count,nie_significant_rate,mean_abs_nie,max_abs_nie,mean_te,mean_nde,n_z_covars,n_g_covars,weight_col_used
linear,ok,154,8,0.05194805194805195,0.003743709855550103,0.024497813690528936,0.6237494995621286,0.6234722689078965,5,4,WTMEC2YR
RetiSEM_GAM,ok,154,4,0.025974025974025976,0.037037088616608684,0.18354541957250217,0.7298274303931455,0.7255566276607084,5,4,WTMEC2YR
