model_type,status,n_pathways,nie_significant_count,nie_significant_rate,mean_abs_nie,max_abs_nie,mean_te,mean_nde,n_z_covars,n_g_covars,weight_col_used
linear,ok,7,4,0.5714285714285714,0.1969821855161012,0.3609220626582647,-0.37721569796288296,-0.7459204377146685,5,4,WTMEC2YR
RetiSEM_GAM,ok,7,3,0.42857142857142855,0.07102193012786422,0.18629849324319045,-0.014843513805642205,-0.961314435385612,5,4,WTMEC2YR
